[
    {
        "id": 1,
        "type": "Makanan",
        "name": "Nasi Goreng",
        "price": 15000,
        "img": "nasgor.png",
        "stok": "ada",
        "status": "habis"
    },
    {
        "id": 2,
        "type": "Makanan",
        "name": "Mie Goreng Spesial",
        "price": 15000,
        "img": "mie.png",
        "stok": "ada",
        "status": "habis"
    },
    {
        "id": 3,
        "type": "Minuman",
        "name": "Es Teh Manis",
        "price": 5000,
        "img": "teh.png",
        "stok": "ada",
        "status": "habis"
    },
    {
        "id": 1763031470,
        "type": "makan",
        "name": "contoh",
        "price": 2000,
        "status": "tersedia",
        "img": "teh.png"
    }
]