[
    {
        "id": 1765428881,
        "nama": "Sela Mutmainna",
        "alamat": "m",
        "telp": "m",
        "catatan": "m",
        "items": [
            {
                "id": "1763560437",
                "name": "Pentol Goreng",
                "price": 17000,
                "qty": 1
            }
        ],
        "total": 22000,
        "ongkir": 5000,
        "wilayah": "Tarakan Barat",
        "tipe_layanan": "Di Antar",
        "pembayaran": "Transfer",
        "waktu": "11-12-2025 05:54:41",
        "status": "selesai"
    },
    {
        "id": 1765420722,
        "nama": "Sela Mutmainna",
        "alamat": "",
        "telp": "",
        "catatan": "ga ada",
        "items": [
            {
                "id": "1763560099",
                "name": "Nasi Rendang Sapi",
                "price": 23000,
                "qty": 1
            }
        ],
        "total": 23000,
        "ongkir": 0,
        "wilayah": "",
        "tipe_layanan": "Makan di Tempat",
        "pembayaran": "Transfer",
        "waktu": "11-12-2025 03:38:42",
        "status": "baru"
    },
    {
        "id": 1765391510,
        "nama": "Hendi sayang",
        "alamat": "",
        "telp": "",
        "catatan": "",
        "items": [
            {
                "id": "1763560067",
                "name": "Nasi Ayam Penyet",
                "price": 30000,
                "qty": 5
            }
        ],
        "total": 150000,
        "ongkir": 0,
        "wilayah": "",
        "tipe_layanan": "Makan di Tempat",
        "pembayaran": "Cash",
        "waktu": "10-12-2025 19:31:50",
        "status": "selesai"
    },
    {
        "id": 1765391261,
        "nama": "sela comel",
        "alamat": ",",
        "telp": "09",
        "catatan": "mm",
        "items": [
            {
                "id": "1763560067",
                "name": "Nasi Ayam Penyet",
                "price": 30000,
                "qty": 1
            },
            {
                "id": "1763560099",
                "name": "Nasi Rendang Sapi",
                "price": 23000,
                "qty": 1
            },
            {
                "id": "2",
                "name": "Mie Goreng",
                "price": 15000,
                "qty": 1
            }
        ],
        "total": 73000,
        "ongkir": 5000,
        "wilayah": "Tarakan Barat",
        "tipe_layanan": "Di Antar",
        "pembayaran": "Transfer",
        "waktu": "10-12-2025 19:27:41",
        "status": "selesai"
    },
    {
        "id": 1765391241,
        "nama": "sela comel",
        "alamat": ",",
        "telp": "09",
        "catatan": "mm",
        "items": [
            {
                "id": "1763560067",
                "name": "Nasi Ayam Penyet",
                "price": 30000,
                "qty": 1
            },
            {
                "id": "1763560099",
                "name": "Nasi Rendang Sapi",
                "price": 23000,
                "qty": 1
            },
            {
                "id": "2",
                "name": "Mie Goreng",
                "price": 15000,
                "qty": 1
            }
        ],
        "total": 73000,
        "ongkir": 5000,
        "wilayah": "Tarakan Barat",
        "tipe_layanan": "Di Antar",
        "pembayaran": "Transfer",
        "waktu": "10-12-2025 19:27:21",
        "status": "baru"
    },
    {
        "id": 1765391000,
        "nama": "Sela Comel",
        "alamat": "",
        "telp": "",
        "catatan": "",
        "items": [
            {
                "id": "1763560099",
                "name": "Nasi Rendang Sapi",
                "price": 23000,
                "qty": 4
            }
        ],
        "total": 92000,
        "ongkir": 0,
        "wilayah": "",
        "tipe_layanan": "Makan di Tempat",
        "pembayaran": "Transfer",
        "waktu": "10-12-2025 19:23:20",
        "status": "baru"
    },
    {
        "id": 1765390471,
        "nama": "Sela Mutmainna",
        "alamat": "o",
        "telp": "o",
        "catatan": "o",
        "items": [
            {
                "id": "1763560099",
                "name": "Nasi Rendang Sapi",
                "price": 23000,
                "qty": 1
            }
        ],
        "total": 28000,
        "ongkir": 5000,
        "wilayah": "Tarakan Barat",
        "tipe_layanan": "Di Antar",
        "pembayaran": "Cash",
        "waktu": "10-12-2025 19:14:31",
        "status": "baru"
    },
    {
        "id": 1765387734,
        "nama": "Sela Mutmainna",
        "alamat": "gatau",
        "telp": "09",
        "catatan": ".",
        "items": [
            {
                "id": "2",
                "name": "Mie Goreng",
                "price": 15000,
                "qty": 1
            }
        ],
        "total": 20000,
        "ongkir": 5000,
        "wilayah": "Tarakan Barat",
        "tipe_layanan": "Di Antar",
        "pembayaran": "Transfer",
        "waktu": "10-12-2025 18:28:54",
        "status": "baru"
    },
    {
        "id": 1765381517,
        "nama": "Sela Mutmainna",
        "alamat": "",
        "telp": "",
        "catatan": "mmmm",
        "items": [
            {
                "id": "1763560701",
                "name": "Milkshake RedValvet",
                "price": 12000,
                "qty": 1
            },
            {
                "id": "1763560721",
                "name": "Milkshake Coklat",
                "price": 12000,
                "qty": 1
            },
            {
                "id": "1763560758",
                "name": "Milkshake Strawberry",
                "price": 12000,
                "qty": 1
            }
        ],
        "total": 36000,
        "ongkir": 0,
        "wilayah": "Tarakan Barat",
        "tipe_layanan": "Makan di Tempat",
        "pembayaran": "Transfer",
        "waktu": "10-12-2025 16:45:17",
        "status": "selesai"
    },
    {
        "id": 1765360813,
        "nama": "Sela Mutmainna",
        "alamat": "",
        "telp": "",
        "catatan": ".",
        "items": [
            {
                "id": "1763560099",
                "name": "Nasi Rendang Sapi",
                "price": 23000,
                "qty": 3
            }
        ],
        "total": 69000,
        "ongkir": 0,
        "wilayah": "",
        "tipe_layanan": "Makan di Tempat",
        "pembayaran": "Cash",
        "waktu": "10-12-2025 11:00:13",
        "status": "selesai"
    },
    {
        "id": 1765290277,
        "nama": "Sela Mutmainna",
        "alamat": "",
        "telp": "",
        "catatan": "ikkikk",
        "items": [
            {
                "id": "1763560067",
                "name": "Nasi Ayam Penyet",
                "price": 30000,
                "qty": 1
            }
        ],
        "total": 30000,
        "ongkir": 0,
        "wilayah": "",
        "tipe_layanan": "Makan di Tempat",
        "pembayaran": "Cash",
        "waktu": "09-12-2025 15:24:37",
        "status": "selesai"
    },
    {
        "id": 1765283284,
        "nama": "Hendi Prasetya",
        "alamat": "",
        "telp": "085250869818",
        "catatan": "ga ada",
        "items": [
            {
                "id": "2",
                "name": "Mie Goreng",
                "price": 15000,
                "qty": 8
            }
        ],
        "total": 120000,
        "ongkir": 0,
        "wilayah": "",
        "tipe_layanan": "Take Away",
        "pembayaran": "Transfer",
        "waktu": "09-12-2025 13:28:04",
        "status": "selesai"
    },
    {
        "id": 1765278171,
        "nama": "Sela Mutmainna",
        "alamat": "gatau ",
        "telp": "085250869818",
        "catatan": "ga ada",
        "items": [
            {
                "id": "1763560067",
                "name": "Nasi Ayam Penyet",
                "price": 30000,
                "qty": 1
            },
            {
                "id": "1763560099",
                "name": "Nasi Rendang Sapi",
                "price": 23000,
                "qty": 1
            }
        ],
        "total": 58000,
        "ongkir": 5000,
        "wilayah": "Tarakan Barat",
        "tipe_layanan": "Di Antar",
        "pembayaran": "Transfer",
        "waktu": "09-12-2025 12:02:51",
        "status": "selesai"
    },
    {
        "id": 1765015558,
        "nama": "Sela Mutmainna",
        "alamat": "juata",
        "telp": "085250869818",
        "catatan": "ga adaaa",
        "items": [
            {
                "id": "1763560067",
                "name": "Nasi Ayam Penyet",
                "price": 30000,
                "qty": 1
            },
            {
                "id": "1763560099",
                "name": "Nasi Rendang Sapi",
                "price": 23000,
                "qty": 2
            },
            {
                "id": "1763560659",
                "name": "Squash Melon",
                "price": 12000,
                "qty": 1
            }
        ],
        "total": 93000,
        "ongkir": 5000,
        "wilayah": "Tarakan Utara",
        "tipe_layanan": "Di Antar",
        "pembayaran": "Cash",
        "waktu": "06-12-2025 11:05:58",
        "status": "selesai"
    },
    {
        "id": 1764814463,
        "nama": "Sela Mutmainna",
        "alamat": "Juata yaa",
        "telp": "085250869818",
        "catatan": "Mienya kasi pedes banget",
        "items": [
            {
                "id": "2",
                "name": "Mie Goreng",
                "price": 15000,
                "qty": 1
            }
        ],
        "total": 20000,
        "ongkir": 5000,
        "wilayah": "Tarakan Utara",
        "tipe_layanan": "Di Antar",
        "pembayaran": "Transfer",
        "waktu": "04-12-2025 03:14:23",
        "status": "selesai"
    },
    {
        "id": 1764810175,
        "nama": "sela",
        "alamat": "",
        "telp": "",
        "catatan": "",
        "items": [
            {
                "id": "1",
                "name": "Nasi Goreng",
                "price": 15000,
                "qty": 1
            }
        ],
        "total": 15000,
        "ongkir": 0,
        "wilayah": "",
        "tipe_layanan": "Makan di Tempat",
        "pembayaran": "Cash",
        "waktu": "04-12-2025 02:02:55",
        "status": "selesai"
    },
    {
        "id": 1764810027,
        "nama": "Sela Mutmainna",
        "alamat": "",
        "telp": "",
        "catatan": "",
        "items": [
            {
                "id": "1",
                "name": "Nasi Goreng",
                "price": 15000,
                "qty": 1
            }
        ],
        "total": 15000,
        "ongkir": 0,
        "wilayah": "",
        "tipe_layanan": "Makan di Tempat",
        "pembayaran": "Cash",
        "waktu": "04-12-2025 02:00:27",
        "status": "selesai"
    },
    {
        "id": 1764809751,
        "nama": "madan",
        "alamat": "",
        "telp": "",
        "catatan": "",
        "items": [
            {
                "id": "1",
                "name": "Nasi Goreng",
                "price": 15000,
                "qty": 1
            }
        ],
        "total": 15000,
        "ongkir": 0,
        "wilayah": "",
        "tipe_layanan": "Makan di Tempat",
        "pembayaran": "Cash",
        "waktu": "04-12-2025 01:55:51",
        "status": "selesai"
    },
    {
        "id": 1764808071,
        "nama": "sela",
        "alamat": "",
        "telp": "",
        "catatan": "",
        "items": [
            {
                "id": "1",
                "name": "nasi goreng",
                "price": 15000,
                "qty": 1
            }
        ],
        "total": 15000,
        "ongkir": 0,
        "wilayah": "",
        "tipe_layanan": "Makan di Tempat",
        "pembayaran": "Cash",
        "waktu": "04-12-2025 01:27:51",
        "status": "selesai"
    },
    {
        "id": 1764807892,
        "nama": "sela",
        "alamat": "",
        "telp": "",
        "catatan": "",
        "items": [
            {
                "id": "1",
                "name": "nasi goreng",
                "price": 15000,
                "qty": 1
            }
        ],
        "total": 15000,
        "ongkir": 0,
        "wilayah": "",
        "tipe_layanan": "Makan di Tempat",
        "pembayaran": "Cash",
        "waktu": "04-12-2025 01:24:52",
        "status": "selesai"
    },
    {
        "id": 1764806363,
        "nama": "johan",
        "alamat": "",
        "telp": "",
        "catatan": "",
        "items": [
            {
                "id": "1",
                "name": "nasi goreng",
                "price": 15000,
                "qty": 4
            }
        ],
        "total": 60000,
        "ongkir": 0,
        "wilayah": "",
        "tipe_layanan": "Makan di Tempat",
        "pembayaran": "Cash",
        "waktu": "04-12-2025 00:59:23",
        "status": "selesai"
    },
    {
        "id": 1764805030,
        "nama": "Sela Mutmainna",
        "alamat": "",
        "telp": "",
        "catatan": "",
        "items": [
            {
                "id": "1",
                "name": "nasi goreng",
                "price": 15000,
                "qty": 5
            }
        ],
        "total": 75000,
        "ongkir": 0,
        "wilayah": "",
        "tipe_layanan": "Makan di Tempat",
        "pembayaran": "Transfer",
        "waktu": "04-12-2025 00:37:10",
        "status": "selesai"
    },
    {
        "id": 1764804593,
        "nama": "Sela Mutmainna",
        "alamat": "Jl. Mulawarman",
        "telp": "085250869818",
        "catatan": "",
        "items": [
            {
                "id": "1763560067",
                "name": "nasi ayam penyet",
                "price": 30000,
                "qty": 1
            },
            {
                "id": "1763560471",
                "name": "tahu bakso",
                "price": 15000,
                "qty": 1
            },
            {
                "id": "1763560659",
                "name": "squash melon",
                "price": 12000,
                "qty": 1
            }
        ],
        "total": 62000,
        "ongkir": 5000,
        "wilayah": "Tarakan Barat",
        "tipe_layanan": "Di Antar",
        "pembayaran": "Transfer",
        "waktu": "04-12-2025 00:29:53",
        "status": "selesai"
    },
    {
        "id": 1764497771,
        "nama": "Sela Mutmainna",
        "alamat": "juata",
        "telp": "085250869818",
        "catatan": "",
        "items": [
            {
                "id": "1763560099",
                "name": "nasi rendang sapi",
                "price": 23000,
                "qty": 1
            },
            {
                "id": "1763560630",
                "name": "es jeruk peras",
                "price": 8000,
                "qty": 9
            }
        ],
        "total": 105000,
        "ongkir": 10000,
        "wilayah": "Tarakan Timur",
        "tipe_layanan": "Di Antar",
        "pembayaran": "Transfer",
        "waktu": "30-11-2025 11:16:11",
        "status": "selesai"
    },
    {
        "id": 1764469004,
        "nama": "Sela Mutmainna",
        "alamat": "Intraca",
        "telp": "085250869818",
        "catatan": "saya mau ayam penyet bagian paha yaa",
        "items": [
            {
                "id": "1763560067",
                "name": "nasi ayam penyet",
                "price": 30000,
                "qty": 4
            }
        ],
        "total": 125000,
        "ongkir": 5000,
        "wilayah": "Tarakan Utara",
        "tipe_layanan": "Di Antar",
        "pembayaran": "Transfer",
        "waktu": "30-11-2025 03:16:44",
        "status": "selesai"
    },
    {
        "id": 1764417965,
        "nama": "sela",
        "alamat": "juata",
        "telp": "085250869818",
        "catatan": "ga ada",
        "items": [
            {
                "id": "1763560471",
                "name": "tahu bakso",
                "price": 15000,
                "qty": 1
            }
        ],
        "total": 20000,
        "ongkir": 5000,
        "wilayah": "Tarakan Utara",
        "tipe_layanan": "Di Antar",
        "pembayaran": "Transfer",
        "waktu": "29-11-2025 13:06:05",
        "status": "selesai"
    },
    {
        "id": 1764417738,
        "nama": "sela",
        "alamat": "juata",
        "telp": "085250869818",
        "catatan": "",
        "items": [
            {
                "id": "1763560099",
                "name": "nasi rendang sapi",
                "price": 23000,
                "qty": 1
            }
        ],
        "total": 28000,
        "ongkir": 5000,
        "wilayah": "Tarakan Utara",
        "tipe_layanan": "Di Antar",
        "pembayaran": "Cash",
        "waktu": "29-11-2025 13:02:18",
        "status": "selesai"
    },
    {
        "id": 1764417657,
        "nama": "sela",
        "alamat": "",
        "telp": "",
        "catatan": "",
        "items": [
            {
                "id": "1763560099",
                "name": "nasi rendang sapi",
                "price": 23000,
                "qty": 2
            }
        ],
        "total": 46000,
        "ongkir": 0,
        "wilayah": "",
        "tipe_layanan": "Makan di Tempat",
        "pembayaran": "Cash",
        "waktu": "29-11-2025 13:00:57",
        "status": "selesai"
    },
    {
        "id": 1764417596,
        "nama": "eka",
        "alamat": "",
        "telp": "",
        "catatan": "",
        "items": [
            {
                "id": "1763560067",
                "name": "nasi ayam penyet",
                "price": 30000,
                "qty": 1
            }
        ],
        "total": 30000,
        "ongkir": 0,
        "wilayah": "",
        "tipe_layanan": "Makan di Tempat",
        "pembayaran": "Transfer",
        "waktu": "29-11-2025 12:59:56",
        "status": "selesai"
    },
    {
        "id": 1764416543,
        "nama": "sela",
        "alamat": "",
        "telp": "",
        "catatan": "",
        "items": [
            {
                "id": "1763560067",
                "name": "nasi ayam penyet",
                "price": 30000,
                "qty": 1
            }
        ],
        "total": 30000,
        "ongkir": 0,
        "wilayah": "",
        "tipe_layanan": "Makan di Tempat",
        "pembayaran": "Cash",
        "waktu": "29-11-2025 12:42:23",
        "status": "selesai"
    },
    {
        "id": 1764412360,
        "nama": "mila",
        "alamat": "",
        "telp": "",
        "catatan": "",
        "items": [
            {
                "id": "1763560437",
                "name": "pentol goreng",
                "price": 17000,
                "qty": 1
            }
        ],
        "total": 17000,
        "ongkir": 0,
        "wilayah": "",
        "tipe_layanan": "Makan di Tempat",
        "pembayaran": "Cash",
        "waktu": "29-11-2025 11:32:40",
        "status": "selesai"
    },
    {
        "id": 1764412324,
        "nama": "kiki",
        "alamat": "",
        "telp": "9877655",
        "catatan": "",
        "items": [
            {
                "id": "1763560067",
                "name": "nasi ayam penyet",
                "price": 30000,
                "qty": 2
            }
        ],
        "total": 60000,
        "ongkir": 0,
        "wilayah": "",
        "tipe_layanan": "Take Away",
        "pembayaran": "Transfer",
        "waktu": "29-11-2025 11:32:04",
        "status": "selesai"
    },
    {
        "id": 1764412277,
        "nama": "Lala",
        "alamat": "manaa yoo?",
        "telp": "0999",
        "catatan": "",
        "items": [
            {
                "id": "1763560099",
                "name": "nasi rendang sapi",
                "price": 23000,
                "qty": 1
            }
        ],
        "total": 33000,
        "ongkir": 10000,
        "wilayah": "Tarakan Timur",
        "tipe_layanan": "Di Antar",
        "pembayaran": "Transfer",
        "waktu": "29-11-2025 11:31:17",
        "status": "selesai"
    },
    {
        "id": 1764412160,
        "nama": "BBB",
        "alamat": "",
        "telp": "",
        "catatan": "",
        "items": [
            {
                "id": "1",
                "name": "nasi goreng",
                "price": 15000,
                "qty": 1
            }
        ],
        "total": 15000,
        "ongkir": 0,
        "wilayah": "",
        "tipe_layanan": "Makan di Tempat",
        "pembayaran": "Cash",
        "waktu": "29-11-2025 11:29:20",
        "status": "selesai"
    },
    {
        "id": 1764411112,
        "nama": "Hendi",
        "alamat": "",
        "telp": "",
        "catatan": "",
        "items": [
            {
                "id": "1763560590",
                "name": "es kopi susu",
                "price": 6000,
                "qty": 1
            }
        ],
        "total": 6000,
        "ongkir": 0,
        "wilayah": "",
        "tipe_layanan": "Makan di Tempat",
        "pembayaran": "Cash",
        "waktu": "29-11-2025 11:11:52",
        "status": "selesai"
    },
    {
        "id": 1764411041,
        "nama": "Fathimah",
        "alamat": "Jl. Ladang",
        "telp": "085250869818",
        "catatan": "semangat",
        "items": [
            {
                "id": "1763560590",
                "name": "es kopi susu",
                "price": 6000,
                "qty": 1
            }
        ],
        "total": 14000,
        "ongkir": 8000,
        "wilayah": "Tarakan Tengah",
        "tipe_layanan": "Di Antar",
        "pembayaran": "Transfer",
        "waktu": "29-11-2025 11:10:41",
        "status": "selesai"
    },
    {
        "id": 1764410757,
        "nama": "Sela Mutmainna",
        "alamat": "Juata Laut",
        "telp": "085250869818",
        "catatan": "",
        "items": [
            {
                "id": "1763560590",
                "name": "es kopi susu",
                "price": 6000,
                "qty": 3
            }
        ],
        "total": 23000,
        "ongkir": 5000,
        "wilayah": "Tarakan Utara",
        "tipe_layanan": "Di Antar",
        "pembayaran": "Cash",
        "waktu": "29-11-2025 11:05:57",
        "status": "selesai"
    },
    {
        "id": 1764410711,
        "nama": "sela",
        "alamat": "",
        "telp": "",
        "catatan": "",
        "items": [
            {
                "id": "1763560067",
                "name": "nasi ayam penyet",
                "price": 30000,
                "qty": 1
            }
        ],
        "total": 30000,
        "ongkir": 0,
        "wilayah": "",
        "tipe_layanan": "Makan di Tempat",
        "pembayaran": "Cash",
        "waktu": "29-11-2025 11:05:11",
        "status": "selesai"
    },
    {
        "id": 1764401057,
        "nama": "Nur Fadillah",
        "alamat": "",
        "telp": "0876543213",
        "catatan": "",
        "items": [
            {
                "id": "1763560889",
                "name": "milkshake milo",
                "price": 12000,
                "qty": 1
            }
        ],
        "total": 12000,
        "ongkir": 0,
        "wilayah": "",
        "tipe_layanan": "Take Away",
        "pembayaran": "Transfer",
        "waktu": "29-11-2025 08:24:17",
        "status": "selesai"
    },
    {
        "id": 1764401010,
        "nama": "Rezky Ramadhan",
        "alamat": "",
        "telp": "",
        "catatan": "",
        "items": [
            {
                "id": "1763560067",
                "name": "nasi ayam penyet",
                "price": 30000,
                "qty": 1
            }
        ],
        "total": 30000,
        "ongkir": 0,
        "wilayah": "",
        "tipe_layanan": "Makan di Tempat",
        "pembayaran": "Cash",
        "waktu": "29-11-2025 08:23:30",
        "status": "selesai"
    },
    {
        "id": 1764400863,
        "nama": "Irwan",
        "alamat": "Juata ",
        "telp": "08234567890",
        "catatan": "jangan terlalu manis ya",
        "items": [
            {
                "id": "1763560758",
                "name": "milkshake strawberry",
                "price": 12000,
                "qty": 5
            }
        ],
        "total": 65000,
        "ongkir": 5000,
        "wilayah": "Tarakan Utara",
        "tipe_layanan": "Di Antar",
        "pembayaran": "Cash",
        "waktu": "29-11-2025 08:21:03",
        "status": "selesai"
    },
    {
        "id": 1764389825,
        "nama": "Sela Mutmainna",
        "alamat": "JL. Mulawarman",
        "telp": "085250869818",
        "catatan": "Pedes banget ya",
        "items": [
            {
                "id": "1763560099",
                "name": "nasi rendang sapi",
                "price": 23000,
                "qty": 3
            }
        ],
        "total": 74000,
        "ongkir": 5000,
        "wilayah": "Tarakan Barat",
        "tipe_layanan": "Di Antar",
        "pembayaran": "Transfer",
        "waktu": "29-11-2025 05:17:05",
        "status": "selesai"
    },
    {
        "id": 1764332414,
        "nama": "Sela Mutmainna",
        "alamat": "Bengawan",
        "telp": "085250869818",
        "catatan": "",
        "items": [
            {
                "id": "1763560099",
                "name": "nasi rendang sapi",
                "price": 23000,
                "qty": 10
            },
            {
                "id": "1763560471",
                "name": "tahu bakso",
                "price": 15000,
                "qty": 7
            },
            {
                "id": "1763560659",
                "name": "squash melon",
                "price": 12000,
                "qty": 9
            }
        ],
        "total": 448000,
        "ongkir": 5000,
        "wilayah": "Tarakan Utara",
        "tipe_layanan": "Di Antar",
        "pembayaran": "Transfer",
        "waktu": "28-11-2025 13:20:14",
        "status": "selesai"
    },
    {
        "id": 1764331643,
        "nama": "Sela Mutmainna",
        "alamat": "dimana hayooo?",
        "telp": "085250869818",
        "catatan": "ga ada",
        "items": [
            {
                "id": "1763560067",
                "name": "nasi ayam penyet",
                "price": 30000,
                "qty": 4
            }
        ],
        "total": 125000,
        "ongkir": 5000,
        "wilayah": "Tarakan Barat",
        "tipe_layanan": "Di Antar",
        "pembayaran": "Transfer",
        "waktu": "28-11-2025 13:07:23",
        "status": "selesai"
    },
    {
        "id": 1764331566,
        "nama": "Sela Mutmainna",
        "alamat": "",
        "telp": "",
        "catatan": "",
        "items": [
            {
                "id": "1",
                "name": "nasi goreng",
                "price": 15000,
                "qty": 1
            },
            {
                "id": "1763560099",
                "name": "nasi rendang sapi",
                "price": 23000,
                "qty": 2
            }
        ],
        "total": 61000,
        "ongkir": 0,
        "wilayah": "",
        "tipe_layanan": "Makan di Tempat",
        "pembayaran": "Cash",
        "waktu": "28-11-2025 13:06:06",
        "status": "selesai"
    },
    {
        "id": 1764327097,
        "nama": "sela",
        "alamat": "",
        "telp": "",
        "catatan": "",
        "items": [
            {
                "id": "1763560067",
                "name": "Nasi Ayam Penyet",
                "price": 30000,
                "qty": 2,
                "total": 30000
            }
        ],
        "total": 60000,
        "ongkir": 0,
        "wilayah": "",
        "tipe_layanan": "Makan di Tempat",
        "pembayaran": "Cash",
        "waktu": "28-11-2025 11:51:37",
        "status": "selesai"
    },
    {
        "id": 1764325773,
        "nama": "Angkel Mutu",
        "alamat": "Amal",
        "telp": "0080808080808",
        "catatan": "",
        "items": [
            {
                "id": "1763560701",
                "name": "Milkshake RedValvet",
                "price": 12000,
                "qty": 3
            }
        ],
        "total": 41000,
        "ongkir": 5000,
        "wilayah": "Tarakan Barat",
        "tipe_layanan": "Di Antar",
        "pembayaran": "Transfer",
        "waktu": "28-11-2025 11:29:33",
        "status": "selesai"
    },
    {
        "id": 1764316183,
        "nama": "Pak Joko",
        "alamat": "Juata Kerikil",
        "telp": "0987654321",
        "catatan": "",
        "items": [
            {
                "id": "1763560067",
                "name": "Nasi Ayam Penyet",
                "price": 30000,
                "qty": 7
            }
        ],
        "total": 215000,
        "ongkir": 5000,
        "wilayah": "Tarakan Utara",
        "tipe_layanan": "Di Antar",
        "pembayaran": "Transfer",
        "waktu": "28-11-2025 08:49:43",
        "status": "selesai"
    },
    {
        "id": 1764314323,
        "nama": "Madhan",
        "alamat": "",
        "telp": "",
        "catatan": "",
        "items": [
            {
                "id": "1",
                "name": "Nasi Goreng",
                "price": 15000,
                "qty": 1
            }
        ],
        "total": 15000,
        "ongkir": 0,
        "wilayah": "",
        "tipe_layanan": "Makan di Tempat",
        "pembayaran": "Transfer",
        "waktu": "28-11-2025 08:18:43",
        "status": "selesai"
    },
    {
        "id": 1764314278,
        "nama": "Dila ",
        "alamat": "ooooooooo",
        "telp": "082222222222222",
        "catatan": "",
        "items": [
            {
                "id": "1763560099",
                "name": "Nasi Rendang Sapi",
                "price": 23000,
                "qty": 1
            }
        ],
        "total": 28000,
        "ongkir": 5000,
        "wilayah": "Tarakan Utara",
        "tipe_layanan": "Di Antar",
        "pembayaran": "Cash",
        "waktu": "28-11-2025 08:17:58",
        "status": "selesai"
    },
    {
        "id": 1764313855,
        "nama": "Hersiyanti",
        "alamat": "Persemaian",
        "telp": "089809876",
        "catatan": "",
        "items": [
            {
                "id": "1763560099",
                "name": "Nasi Rendang Sapi",
                "price": 23000,
                "qty": 1
            }
        ],
        "total": 32000,
        "ongkir": 9000,
        "wilayah": "Tarakan Utara",
        "tipe_layanan": "Di Antar",
        "pembayaran": "Cash",
        "waktu": "28-11-2025 08:10:55",
        "status": "selesai"
    },
    {
        "id": 1764313525,
        "nama": "Fatimah",
        "alamat": "Juata Permai",
        "telp": "08654321344",
        "catatan": "Banyakin Nasi",
        "items": [
            {
                "id": "1763560099",
                "name": "Nasi Rendang Sapi",
                "price": 23000,
                "qty": 1
            }
        ],
        "total": 32000,
        "ongkir": 9000,
        "wilayah": "Tarakan Utara",
        "tipe_layanan": "Di Antar",
        "pembayaran": "Cash",
        "waktu": "28-11-2025 08:05:25",
        "status": "selesai"
    },
    {
        "id": 1764313462,
        "nama": "Sonia ",
        "alamat": "",
        "telp": "08997755",
        "catatan": "",
        "items": [
            {
                "id": "1",
                "name": "Nasi Goreng",
                "price": 15000,
                "qty": 1
            }
        ],
        "total": 15000,
        "ongkir": 0,
        "wilayah": "",
        "tipe_layanan": "Take Away",
        "pembayaran": "Transfer",
        "waktu": "28-11-2025 08:04:22",
        "status": "selesai"
    },
    {
        "id": 1764313194,
        "nama": "Maulidiah",
        "alamat": "",
        "telp": "0812345678",
        "catatan": "Sambel kacangnya jangan pedas",
        "items": [
            {
                "id": "1763560284",
                "name": "Siomay",
                "price": 12000,
                "qty": 1
            }
        ],
        "total": 12000,
        "ongkir": 0,
        "wilayah": "",
        "tipe_layanan": "Take Away",
        "pembayaran": "Transfer",
        "waktu": "28-11-2025 07:59:54",
        "status": "selesai"
    },
    {
        "id": 1764312943,
        "nama": "Ekarudiyani",
        "alamat": "",
        "telp": "0898989898",
        "catatan": "",
        "items": [
            {
                "id": "1",
                "name": "Nasi Goreng",
                "price": 15000,
                "qty": 1
            }
        ],
        "total": 15000,
        "ongkir": 0,
        "wilayah": "",
        "tipe_layanan": "Take Away",
        "pembayaran": "Transfer",
        "waktu": "28-11-2025 07:55:43",
        "status": "selesai"
    },
    {
        "id": 1764312900,
        "nama": "Hendi Prasetya",
        "alamat": "",
        "telp": "",
        "catatan": "Banyakin Es Btu",
        "items": [
            {
                "id": "1763560659",
                "name": "Squash Melon",
                "price": 12000,
                "qty": 7
            }
        ],
        "total": 84000,
        "ongkir": 0,
        "wilayah": "",
        "tipe_layanan": "Makan di Tempat",
        "pembayaran": "Cash",
        "waktu": "28-11-2025 07:55:00",
        "status": "selesai"
    },
    {
        "id": 1764312820,
        "nama": "Sela Comel",
        "alamat": "Amal (Kampus UBT)",
        "telp": "0812345678910",
        "catatan": "banyakin nasinya yaa",
        "items": [
            {
                "id": "1763560099",
                "name": "Nasi Rendang Sapi",
                "price": 23000,
                "qty": 1
            }
        ],
        "total": 30000,
        "ongkir": 7000,
        "wilayah": "Tarakan Timur",
        "tipe_layanan": "Di Antar",
        "pembayaran": "Transfer",
        "waktu": "28-11-2025 07:53:40",
        "status": "selesai"
    },
    {
        "id": 1765428967,
        "nama": "Sela Mutmainna",
        "alamat": "",
        "telp": "",
        "catatan": "",
        "items": [
            {
                "id": "1763560067",
                "name": "Nasi Ayam Penyet",
                "price": 30000,
                "qty": 1
            },
            {
                "id": "1763560630",
                "name": "Es Jeruk Peras",
                "price": 8000,
                "qty": 1
            }
        ],
        "total": 38000,
        "ongkir": 0,
        "wilayah": "",
        "tipe_layanan": "Makan di Tempat",
        "pembayaran": "Cash",
        "waktu": "11-12-2025 05:56:07",
        "status": "baru"
    },
    {
        "id": 1765435419,
        "nama": "Sela Mutmainna",
        "alamat": "jauat",
        "telp": "0856",
        "catatan": ".",
        "items": [
            {
                "id": "1763560099",
                "name": "Nasi Rendang Sapi",
                "price": 23000,
                "qty": 1
            }
        ],
        "total": 28000,
        "ongkir": 5000,
        "wilayah": "Tarakan Utara",
        "tipe_layanan": "Di Antar",
        "pembayaran": "Transfer",
        "waktu": "11-12-2025 07:43:39",
        "status": "baru"
    },
    {
        "id": 1765435597,
        "nama": "Sela Mutmainna",
        "alamat": "",
        "telp": "",
        "catatan": "",
        "items": [
            {
                "id": "1763560659",
                "name": "Squash Melon",
                "price": 12000,
                "qty": 6
            },
            {
                "id": "1763560630",
                "name": "Es Jeruk Peras",
                "price": 8000,
                "qty": 3
            }
        ],
        "total": 96000,
        "ongkir": 0,
        "wilayah": "",
        "tipe_layanan": "Makan di Tempat",
        "pembayaran": "Transfer",
        "waktu": "11-12-2025 07:46:37",
        "status": "baru"
    },
    {
        "id": 1765436096,
        "nama": "Sela Mutmainna",
        "alamat": "juata",
        "telp": "085250869818",
        "catatan": "",
        "items": [
            {
                "id": "1763560067",
                "name": "Nasi Ayam Penyet",
                "price": 30000,
                "qty": 5
            }
        ],
        "total": 155000,
        "ongkir": 5000,
        "wilayah": "Tarakan Utara",
        "tipe_layanan": "Di Antar",
        "pembayaran": "Cash",
        "waktu": "11-12-2025 07:54:56",
        "status": "baru"
    }
]